{
  "centroids": {
    "2": [
      -27.242888317659038,
      -22.210776052870685,
      18.546657917012894
    ],
    "3": [
      -32.18990180647074,
      -16.863336561239265,
      16.015058654310195
    ],
    "4": [
      -14.455663189269757,
      -13.693461251862885,
      13.7136736214605
    ],
    "5": [
      -33.906934306569354,
      -22.284671532846716,
      -15.821167883211672
    ],
    "7": [
      -17.305372931308085,
      -53.43157258369229,
      -36.01715408448575
    ],
    "8": [
      -22.265822784810126,
      -64.36629649763144,
      -37.674831094198964
    ],
    "10": [
      -11.752497096399537,
      -19.87584204413473,
      5.165737514518
    ],
    "11": [
      -15.034188034188048,
      9.437551695616207,
      6.913427074717404
    ],
    "12": [
      -26.366197183098592,
      -0.15686274509803866,
      -2.091549295774655
    ],
    "13": [
      -20.91671388101983,
      -5.188668555240795,
      -2.4107648725212414
    ],
    "14": [
      0.5832045337454872,
      -11.11695002575992,
      -3.9433281813498127
    ],
    "15": [
      0.5413500223513665,
      -46.56236030397854,
      -33.21814930710772
    ],
    "16": [
      0.8273686582297444,
      -31.946261594502232,
      -31.003755304367417
    ],
    "17": [
      -26.088480154888686,
      -24.429622458857693,
      -15.148886737657307
    ],
    "18": [
      -23.90932509015971,
      -7.339515713549716,
      -20.63575476558475
    ],
    "24": [
      0.6026785714285694,
      -20.70535714285714,
      8.040736607142861
    ],
    "26": [
      -9.629820051413873,
      10.960154241645256,
      -8.786632390745496
    ],
    "28": [
      -11.456631660832358,
      -16.84694671334111,
      -10.32691559704395
    ],
    "30": [
      -28.545454545454533,
      -3.200000000000003,
      -10.181818181818187
    ],
    "31": [
      -12.502610966057432,
      -12.218015665796344,
      6.30548302872063
    ],
    "41": [
      27.68021284305685,
      -21.297671313867227,
      18.84475807220643
    ],
    "42": [
      32.70257488842361,
      -15.910019860438453,
      16.482307738602415
    ],
    "43": [
      15.18157827962446,
      -13.241715300685101,
      14.257802588175593
    ],
    "44": [
      33.10191082802548,
      -17.921443736730367,
      -16.980891719745216
    ],
    "46": [
      19.070892410341955,
      -53.51368564713019,
      -35.67336416710896
    ],
    "47": [
      23.65288732176549,
      -64.41682904951904,
      -37.19518418854969
    ],
    "49": [
      12.493538246594483,
      -19.225986727209218,
      5.663872394923743
    ],
    "50": [
      16.15939771547248,
      9.458463136033231,
      8.239096573208727
    ],
    "51": [
      26.94455762514552,
      0.5477299185099014,
      -2.249126891734562
    ],
    "52": [
      22.105321507760536,
      -4.939024390243901,
      -1.9539911308204125
    ],
    "53": [
      27.74364210135512,
      -23.379431965843693,
      -14.994987933914985
    ],
    "54": [
      24.942549371633746,
      -6.010771992818675,
      -20.737881508079
    ],
    "58": [
      9.986789960369876,
      10.424042272126826,
      -8.705416116248358
    ],
    "60": [
      12.434200157604408,
      -16.41252955082743,
      -10.056737588652481
    ],
    "62": [
      30.558139534883722,
      -2.581395348837205,
      -10.441860465116292
    ],
    "63": [
      12.008567931456554,
      -11.022031823745408,
      7.3671970624235
    ],
    "77": [
      -13.714285714285722,
      -15.714285714285708,
      0.9285714285714306
    ],
    "85": [
      1.466019417475735,
      -0.2038834951456323,
      -18.466019417475735
    ],
    "251": [
      0.5403535741737073,
      -35.800153727901616,
      16.784780937740194
    ],
    "252": [
      0.6063829787234027,
      -18.29361702127659,
      24.748936170212772
    ],
    "253": [
      0.5847299813780324,
      -2.424581005586589,
      25.815642458100555
    ],
    "254": [
      0.7008849557522154,
      11.998230088495575,
      20.40530973451328
    ],
    "255": [
      0.8761467889908232,
      24.612844036697254,
      5.411009174311928
    ]
  },
  "geometry": {
    "dims": [
      256,
      256,
      256
    ],
    "delta": [
      1.0,
      1.0,
      1.0
    ],
    "Mdc": [
      [
        -1.0,
        0.0,
        0.0
      ],
      [
        0.0,
        0.0,
        -1.0
      ],
      [
        0.0,
        1.0,
        0.0
      ]
    ],
    "Pxyz_c": [
      0.0,
      0.0,
      0.0
    ]
  }
}
