{
  "centroids": {
    "2": [
      -28.568732697021204,
      -19.918568023026893,
      18.885230314666217
    ],
    "4": [
      -14.288708834291697,
      -15.826607422895961,
      14.079822268687934
    ],
    "5": [
      -32.92006269592477,
      -20.540752351097183,
      -14.913793103448285
    ],
    "7": [
      -18.82716948165404,
      -55.01625897883906,
      -33.98786643370218
    ],
    "8": [
      -25.182355677897107,
      -62.447091588156994,
      -37.076823169076874
    ],
    "10": [
      -12.390625,
      -19.088872354497354,
      6.469080687830683
    ],
    "11": [
      -13.551625615763555,
      9.84916256157635,
      9.55536945812807
    ],
    "12": [
      -26.498998998998985,
      0.7595452595452628,
      -0.060846560846556486
    ],
    "13": [
      -20.843772241992895,
      -4.5946619217081945,
      -1.4167259786476905
    ],
    "14": [
      -0.11293031066330173,
      -11.007976490344248,
      -3.9282115869017673
    ],
    "15": [
      -0.641410206466702,
      -45.132645111024544,
      -35.28340475262954
    ],
    "16": [
      -0.22018333388686528,
      -30.866136371184695,
      -33.865604968614036
    ],
    "17": [
      -25.839314581312635,
      -22.575493048819922,
      -14.158422243776272
    ],
    "18": [
      -23.46113872571169,
      -4.968594667871656,
      -19.915273384545856
    ],
    "24": [
      0.1653116531165324,
      -19.618563685636857,
      8.759485094850959
    ],
    "26": [
      -8.842751842751852,
      11.078624078624074,
      -8.202702702702709
    ],
    "28": [
      -10.783608973309327,
      -15.152529883739959,
      -10.837809071557217
    ],
    "31": [
      -20.637376237623755,
      -31.426980198019805,
      10.493811881188122
    ],
    "41": [
      28.644814517892286,
      -18.216486893569467,
      18.768496586740525
    ],
    "43": [
      14.234924623115575,
      -14.23229785290087,
      13.94004111466424
    ],
    "44": [
      30.287878787878782,
      -11.840909090909093,
      -18.873737373737384
    ],
    "46": [
      17.517963773885356,
      -55.17570660828025,
      -34.3361863057325
    ],
    "47": [
      24.82553881365631,
      -62.178263080933306,
      -37.284601691143735
    ],
    "49": [
      11.47197787249479,
      -17.337399111272333,
      6.630316495873757
    ],
    "50": [
      13.254548900682337,
      11.038855193328288,
      9.624715693707344
    ],
    "51": [
      26.137478608100395,
      2.433542498573871,
      -0.42427267541359015
    ],
    "52": [
      20.568585643212515,
      -3.5653873489694377,
      -1.3208955223880707
    ],
    "53": [
      25.945643548643076,
      -21.538406602126642,
      -13.965005554673866
    ],
    "54": [
      22.85167160389335,
      -3.380660177740168,
      -20.29009733389759
    ],
    "58": [
      7.723642172523967,
      11.843982960596378,
      -7.905750798722039
    ],
    "60": [
      10.368905918799939,
      -14.500163052339815,
      -10.666476438936911
    ],
    "63": [
      19.80252100840336,
      -27.56362545018007,
      10.836134453781511
    ],
    "77": [
      -1.4734513274336223,
      2.8185840707964473,
      17.70255653883973
    ],
    "251": [
      0.4906176700547178,
      -34.590695856137614,
      16.57193119624708
    ],
    "252": [
      0.1643274853801131,
      -17.042690058479536,
      22.48713450292398
    ],
    "253": [
      -0.41840277777777146,
      -1.446180555555543,
      19.524305555555557
    ],
    "254": [
      -0.45108184383818184,
      12.130291627469433,
      12.723894637817494
    ],
    "255": [
      -0.48922800718133885,
      25.665170556552965,
      5.266606822262105
    ],
    "1002": [
      -5.865853658536594,
      19.58664343786296,
      31.647038327526133
    ],
    "1003": [
      -37.74657944671927,
      10.911465095376002,
      47.72440826924998
    ],
    "1005": [
      -7.7639667329596875,
      -81.19788465015368,
      22.645000903995665
    ],
    "1006": [
      -24.989871086556178,
      -6.377532228360963,
      -32.23066298342542
    ],
    "1007": [
      -36.59390211523143,
      -49.560624834056114,
      -19.010841667404208
    ],
    "1008": [
      -42.07837346660608,
      -70.30301161809567,
      33.81232556630103
    ],
    "1009": [
      -48.89099066327148,
      -28.783375773008373,
      -28.092094094822357
    ],
    "1010": [
      -7.069484655471911,
      -46.166763173132594,
      19.644759698899833
    ],
    "1011": [
      -31.82303290414879,
      -88.80579399141631,
      1.6952789699570872
    ],
    "1012": [
      -24.230977785551858,
      34.35009620430296,
      -18.450935805492378
    ],
    "1013": [
      -13.866477615542408,
      -69.62561843851816,
      -5.6562688548328595
    ],
    "1014": [
      -5.919917864476389,
      36.566392881587944,
      -18.369267624914443
    ],
    "1015": [
      -57.958094663852876,
      -29.06371218972967,
      -11.67440458245403
    ],
    "1016": [
      -23.9783849918434,
      -32.022838499184346,
      -17.70269168026101
    ],
    "1017": [
      -6.871651785714278,
      -25.34598214285714,
      59.26849489795919
    ],
    "1018": [
      -48.243634159016096,
      14.223713840290998,
      13.728130954443088
    ],
    "1019": [
      -43.17800212539851,
      31.226886291179596,
      -11.367516826071551
    ],
    "1020": [
      -48.17698519515477,
      31.224259757738906,
      4.211137281292054
    ],
    "1021": [
      -12.131267092069294,
      -81.4443938012762,
      5.68140382862353
    ],
    "1022": [
      -45.567509612540675,
      -23.98432416444838,
      44.58451641526176
    ],
    "1023": [
      -5.8082303567265114,
      -19.521916530659823,
      38.86675215667988
    ],
    "1024": [
      -42.673433234593716,
      -8.298919672416787,
      42.724487425219266
    ],
    "1025": [
      -8.389065335753173,
      -59.2527979431337,
      39.84278584392014
    ],
    "1026": [
      -5.765310634534615,
      36.70760557152332,
      0.06046871545433419
    ],
    "1027": [
      -38.80500159286396,
      42.877317617075505,
      17.963268556865245
    ],
    "1028": [
      -13.68728386657591,
      35.29482641252554,
      38.74280462899932
    ],
    "1029": [
      -25.44902126461062,
      -63.24383889593015,
      52.06759611322349
    ],
    "1030": [
      -50.61719488104441,
      -10.631237653525716,
      -8.031521085630857
    ],
    "1031": [
      -55.92847568694617,
      -38.41786432347904,
      33.92251843026287
    ],
    "1034": [
      -45.576603325415675,
      -21.69418052256532,
      8.452494061757733
    ],
    "1035": [
      -37.30712662920004,
      1.6523376778667966,
      -0.7610307305990602
    ],
    "2002": [
      4.585252664145756,
      20.821760055001732,
      27.845135785493298
    ],
    "2003": [
      36.30735278845155,
      13.840429951189122,
      48.327604112576594
    ],
    "2005": [
      9.716061964940891,
      -78.88544639217285,
      23.915205870362826
    ],
    "2006": [
      23.231144176500763,
      -5.457414058491537,
      -33.27373011800924
    ],
    "2007": [
      34.99253170502584,
      -43.52141850634101,
      -20.87040864255519
    ],
    "2008": [
      46.16732026143791,
      -63.79128540305011,
      32.43322440087147
    ],
    "2009": [
      47.56523061944749,
      -24.98363149567969,
      -29.760739929414626
    ],
    "2010": [
      7.332206515058388,
      -44.46220036877689,
      19.847572218807628
    ],
    "2011": [
      34.51381351751357,
      -84.94774120797801,
      0.6565297061103763
    ],
    "2012": [
      22.353673948366136,
      36.059758079075635,
      -18.70238310164291
    ],
    "2013": [
      13.774847374847369,
      -66.17765567765568,
      -4.220390720390725
    ],
    "2014": [
      4.295299070338544,
      35.319505349938595,
      -19.43246798807226
    ],